{"cameraMode":{"drawMode":0,"name":"Shaded","section":"Shading Mode"},"sceneLighting":false,"audioPlay":false,"sceneViewState":{"showFog":true,"showMaterialUpdate":false,"showSkybox":false,"showFlares":true,"showImageEffects":true,"showParticleSystems":true},"in2DMode":false,"pivot":{"x":0.0,"y":2.3593533039093019,"z":-2.779399871826172},"rotation":{"x":-0.055037662386894229,"y":0.9218564629554749,"z":-0.14244678616523744,"w":-0.35617464780807497},"size":18.77433204650879,"orthographic":false}